<tag-plugins>
  <tag-plugin>
    <tag-class>org.apache.taglibs.standard.tag.rt.core.IfTag</tag-class>
    <plugin-class>org.apache.jasper.tagplugins.jstl.core.If</plugin-class>
  </tag-plugin>
  <tag-plugin>
    <tag-class>org.apache.taglibs.standard.tag.common.core.ChooseTag</tag-class>
    <plugin-class>org.apache.jasper.tagplugins.jstl.core.Choose</plugin-class>
  </tag-plugin>
  <tag-plugin>
    <tag-class>org.apache.taglibs.standard.tag.rt.core.WhenTag</tag-class>
    <plugin-class>org.apache.jasper.tagplugins.jstl.core.When</plugin-class>
  </tag-plugin>
  <tag-plugin>
    <tag-class>org.apache.taglibs.standard.tag.common.core.OtherwiseTag</tag-class>
    <plugin-class>org.apache.jasper.tagplugins.jstl.core.Otherwise</plugin-class>
  </tag-plugin>
  <tag-plugin>
    <tag-class>org.apache.taglibs.standard.tag.rt.core.ForEachTag</tag-class>
    <plugin-class>org.apache.jasper.tagplugins.jstl.core.ForEach</plugin-class>
  </tag-plugin>
  <tag-plugin>
  	<tag-class>org.apache.taglibs.standard.tag.rt.core.OutTag</tag-class>
  	<plugin-class>org.apache.jasper.tagplugins.jstl.core.Out</plugin-class>
  </tag-plugin>
  <tag-plugin>
    <tag-class>org.apache.taglibs.standard.tag.rt.core.SetTag</tag-class>
    <plugin-class>org.apache.jasper.tagplugins.jstl.core.Set</plugin-class>
  </tag-plugin>
  <tag-plugin>
    <tag-class>org.apache.taglibs.standard.tag.common.core.RemoveTag</tag-class>
    <plugin-class>org.apache.jasper.tagplugins.jstl.core.Remove</plugin-class>
  </tag-plugin>
  <tag-plugin>
    <tag-class>org.apache.taglibs.standard.tag.common.core.CatchTag</tag-class>
    <plugin-class>org.apache.jasper.tagplugins.jstl.core.Catch</plugin-class>
  </tag-plugin>
  <tag-plugin>
    <tag-class>org.apache.taglibs.standard.tag.rt.core.ForTokensTag</tag-class>
    <plugin-class>org.apache.jasper.tagplugins.jstl.core.ForTokens</plugin-class>
  </tag-plugin>
  <tag-plugin>
    <tag-class>org.apache.taglibs.standard.tag.rt.core.ImportTag</tag-class>
    <plugin-class>org.apache.jasper.tagplugins.jstl.core.Import</plugin-class>
  </tag-plugin>
</tag-plugins>
